Tweet Id;Text;Name;Screen Name;Created At;Favorites;Retweets;Language;Client;Tweet Type;Media Type;URLs;Hashtags;Mentions
1080552226060464128;"We are....?

‰Õ‰....ø

#esports 
#Comingsoon 
#leopard https://t.co/ixOTtT2Mbx";TUWAIQ eSports;TUWAIQEC;Wed Jan 02 19:51:41 +0000 2019;9;22;Catalan;"<a href=""http://twitter.com/download/android"" rel=""nofollow"">Twitter for Android</a>";Tweet;Video;0;3;0
1086661475090006017;"??

#eSports 
#esportsNews 
#ComingSoon 
#Saudi_Arabia 
#leopard
#LIVCRY https://t.co/gQCYyQh5Fs";TUWAIQ eSports;TUWAIQEC;Sat Jan 19 16:27:39 +0000 2019;3;7;Undetermined;"<a href=""http://twitter.com"" rel=""nofollow"">Twitter Web Client</a>";Tweet;Photo;0;6;0
1089611458349072387;"«ﬁ —» Êﬁ  #«·’Ìœ

#hunting time is near

#comingsoon
#SaudiArabia 
#eSports 
#esports
#leopards 
#ﬁ—Ì»«

??????†???? https://t.co/jIBKsifK32";TUWAIQ eSports;TUWAIQEC;Sun Jan 27 19:49:50 +0000 2019;3;5;Undetermined;"<a href=""http://twitter.com"" rel=""nofollow"">Twitter Web Client</a>";Tweet;Photo;0;8;0
1091016874417180672;@AboM6rCS https://t.co/74lTrTnQo4;TUWAIQ eSports;TUWAIQEC;Thu Jan 31 16:54:27 +0000 2019;0;1;Undetermined;"<a href=""http://twitter.com/download/android"" rel=""nofollow"">Twitter for Android</a>";Reply;GIF;0;0;1
1092380558628474880;@AboM6rCS @E3REFar @sultansp0rt https://t.co/lWf085KVhH;TUWAIQ eSports;TUWAIQEC;Mon Feb 04 11:13:15 +0000 2019;0;1;Undetermined;"<a href=""http://twitter.com/download/android"" rel=""nofollow"">Twitter for Android</a>";Reply;GIF;0;0;3
1093481455236382721;"«”„‰« ⁄·Ï ﬂ· ·”«‰ .. ﬁ«·Â« „Õ„œ »‰ ”·„«‰

#«‰ Ÿ—Ê‰« «·ÌÊ„ ?? https://t.co/KEqtqdG3Dw";TUWAIQ eSports;TUWAIQEC;Thu Feb 07 12:07:49 +0000 2019;6;6;Arabic;"<a href=""http://twitter.com/download/android"" rel=""nofollow"">Twitter for Android</a>";Tweet;Photo;0;1;0
1094390764312977409;@AboM6rCS https://t.co/7EYqwHK1L9;TUWAIQ eSports;TUWAIQEC;Sun Feb 10 00:21:05 +0000 2019;0;0;Undetermined;"<a href=""http://twitter.com/download/android"" rel=""nofollow"">Twitter for Android</a>";Reply;GIF;0;0;1
1094678949689462784;"‰«œÌ @TUWAIQEC Ì»ÕÀ ⁄‰:

- „’„„Ì‰ »„Œ ·› »—«„Ã «·«œÊ»Ì (AI-PSD-AE Ê«·Œ)

- „„‰ ÃÌ‰ „Õ —›Ì‰ ”Ê«¡ ﬂ«‰  Œ’’« ›Ì ·⁄»… „⁄Ì‰… «Ê ⁄«„…

- ·œÌÂ „⁄—›… Ê„Â „ »„Ã«· «·—Ì«÷«  «·«·ﬂ —Ê‰Ì…

⁄·„« »√‰ «·⁄„· ”ÌﬂÊ‰ Õ”» «·ÿ·» „‰ „œÌ— «·≈»œ«⁄ »«·‰«œÌ° „⁄ ÊÃÊœ „„Ì“«  ··„‰÷„Ì‰ ··⁄«∆·…????.";TUWAIQ eSports;TUWAIQEC;Sun Feb 10 19:26:14 +0000 2019;0;6;Arabic;"<a href=""http://twitter.com/download/android"" rel=""nofollow"">Twitter for Android</a>";Retweet;;0;0;1
1094678962322710528;"Ê⁄·Ï Ã„Ì⁄ «·„Â „Ì‰ «—”«· «· «·Ì:

- «·”Ì—… «·–« Ì…
- «·√⁄„«· «· Ì ﬁ«„ »Â« ⁄·Ï «·√Ì„Ì·

Jobs@tuwaiqec.com

Êﬂ–·ﬂ ·„‰Ÿ„…* «Œ—Ï ⁄·Ï «·√Ì„Ì· «· «·Ì:

Jobs@futureesports.org

Ê«··Â ÌÊ›ﬁﬂ„ Ã„Ì⁄« ??";TUWAIQ eSports;TUWAIQEC;Sun Feb 10 19:26:17 +0000 2019;0;4;Arabic;"<a href=""http://twitter.com/download/android"" rel=""nofollow"">Twitter for Android</a>";Retweet;;0;0;0
1094691016609812481;@AboM6rCS @IPXPl https://t.co/xwLDZUJ2gt;TUWAIQ eSports;TUWAIQEC;Sun Feb 10 20:14:11 +0000 2019;0;0;Undetermined;"<a href=""http://twitter.com/download/android"" rel=""nofollow"">Twitter for Android</a>";Reply;GIF;0;0;2
1095382349926354944;"TODAAAAAAAAAAAAY 

«·ÌÊÊÊÊÊÊÊÊÊÊÊÊÊÊ„ 

?? https://t.co/rLcR83TNHu";TUWAIQ eSports;TUWAIQEC;Tue Feb 12 18:01:18 +0000 2019;1;4;Undetermined;"<a href=""http://twitter.com/download/android"" rel=""nofollow"">Twitter for Android</a>";Tweet;;1;0;0
1095428834718089216;@AboM6rCS https://t.co/WNMSOwNNVq;TUWAIQ eSports;TUWAIQEC;Tue Feb 12 21:06:00 +0000 2019;0;0;Undetermined;"<a href=""http://twitter.com/download/android"" rel=""nofollow"">Twitter for Android</a>";Reply;GIF;0;0;1
1095430291542474752;"÷—» ›Ì‰« «·„À· »Â„ ﬂ„ ..

Ê÷—» ›Ì‰« «·„À· »«·ﬁÊ… Ê⁄œ„ «··Ì‰ .. 

‰Õ‰...ø ???? https://t.co/I89B1Iy43G";TUWAIQ eSports;TUWAIQEC;Tue Feb 12 21:11:48 +0000 2019;19;14;Arabic;"<a href=""http://twitter.com/download/android"" rel=""nofollow"">Twitter for Android</a>";Tweet;Video;0;0;0
1099681114162167808;"Keep up with our latest news, videos, and photos by following us on:

«»ﬁÊ« ⁄·Ï ≈ÿ·«⁄ »√Œ— «·√Œ»«—° «·„ﬁ«ÿ⁄ «·„—∆Ì… Ê’Ê— «·‰«œÌ° Ê–·ﬂ ⁄»— „ «»⁄ ‰« ⁄·Ï:

Instagram: 
https://t.co/bA70AZkpDi

YouTube: 
https://t.co/P6QfAuDELz

#‰„Ê—_ÿÊÌﬁ";TUWAIQ eSports;TUWAIQEC;Sun Feb 24 14:43:03 +0000 2019;0;4;Undetermined;"<a href=""http://twitter.com/download/android"" rel=""nofollow"">Twitter for Android</a>";Tweet;;2;1;0
1106905062742392832;"ı«·ÌÊ„.. «‰ Ÿ—Ê‰«!!

Today..Stay tuned!!

#‰„Ê—‹ÿÊÌﬁ
#Leopardsofthepeninsula

??????";TUWAIQ eSports;TUWAIQEC;Sat Mar 16 13:08:26 +0000 2019;2;1;Undetermined;"<a href=""https://mobile.twitter.com"" rel=""nofollow"">Twitter Web App</a>";Tweet;;0;2;0
1106986437960962049;"?? Announcement ??
?? ≈⁄·«‰ ??
—Õ»Ê« „⁄‰« » #‰„Ê—_ÿÊÌﬁ ··⁄»… @Rainbow6AR
Please welcome our @Rainbow6AR roster:
???? @MoathR6 [C]
???? @JustRusher0 
???? @ALTRSr6 
???? @Im7mdgh 
???? @Y4zann 
Keep an eye on them as it's time to hunt ????
«»ﬁÊ« √⁄Ì‰ﬂ„ ⁄·ÌÂ„° ·√‰Â ﬁœ Õ«‰ Êﬁ  «·’Ìœ ???? https://t.co/7gn6FTUk2J";TUWAIQ eSports;TUWAIQEC;Sat Mar 16 18:31:48 +0000 2019;59;23;Undetermined;"<a href=""http://twitter.com/download/android"" rel=""nofollow"">Twitter for Android</a>";Tweet;Photo;0;1;7
1106993216182775809;@AboM6rCS @Rainbow6AR @MoathR6 @JustRusher0 @ALTRSr6 @Im7mdgh @Y4zann https://t.co/yX00hYGAru;TUWAIQ eSports;TUWAIQEC;Sat Mar 16 18:58:44 +0000 2019;1;0;Undetermined;"<a href=""http://twitter.com/download/android"" rel=""nofollow"">Twitter for Android</a>";Reply;GIF;0;0;7
1107029996705640450;"Ì”⁄œ‰« √‰  ﬂÊ‰ √Ê· „‘«—ﬂ… ·‰« ÂÌ ›Ì »ÿÊ·… ”ÌÃ «·⁄—»Ì… „‰  ‰ŸÌ„ @ChallengeArena_  „ ›«∆·Ì‰ » ﬁœÌ„ √⁄÷«¡ «·›—Ìﬁ ·‰ «∆Ã Ê„” ÊÌ«  —«∆⁄… ﬂ—Ê⁄… ÿÊÌﬁ ??????
#‰„Ê—_ÿÊÌﬁ https://t.co/NiDEeKY0LY";TUWAIQ eSports;TUWAIQEC;Sat Mar 16 21:24:53 +0000 2019;2;0;Arabic;"<a href=""http://twitter.com/download/android"" rel=""nofollow"">Twitter for Android</a>";Tweet;;1;1;1
1107029999662612480;"We are honored to be participating in R6S Arab Tournament, organized by @ChallengeArena_ , as we are optimistic that the team shall put on a performance as spectacular as Tuwaiq Mountain ??????
#TuwaiqLeopards";TUWAIQ eSports;TUWAIQEC;Sat Mar 16 21:24:54 +0000 2019;1;1;English;"<a href=""http://twitter.com/download/android"" rel=""nofollow"">Twitter for Android</a>";Reply;;0;1;1
1107346242772844545;"«‰ Â  √Ê·Ï „»«—Ì«  «·›—Ìﬁ ›Ì »ÿÊ·… ”ÌÃ «·⁄—»Ì… »›Ê“ #‰„Ê—‹ÿÊÌﬁ ⁄·Ï ›—Ìﬁ KiLLeRz »‰ ÌÃ… ?-? 

›«·ﬂ„ «·»ÿÊ·… ????

Our First match at R6S Arab Tournament with a 7-0 win over KiLLeRz 

Well done Boys ?????? 

@ChallengeArena_ 
@Rainbow6AR https://t.co/HpnhjiUhFh";TUWAIQ eSports;TUWAIQEC;Sun Mar 17 18:21:32 +0000 2019;15;9;Undetermined;"<a href=""http://twitter.com"" rel=""nofollow"">Twitter Web Client</a>";Tweet;Photo;0;1;2
1107707596864131072;"«·ÌÊ„ «·À«‰Ì „‰ »ÿÊ·… ”ÌÃ «·⁄—»Ì… #CA_R6S «‰ ÂÏ »›Ê“ #‰„Ê—_ÿÊÌﬁ ⁄·Ï ›—Ìﬁ eagle royal »‰ ÌÃ… 7-0

Day Two of R6S Arab Tournament #CA_R6S has ended with #TuwaiqLeopards winning 7-0 vs eagle royal

Well done boy ????
@MoathR6
@JustRusher0
@ALTRSr6
@Im7mdgh
@Y4zann
See you tomorrow??";TUWAIQ eSports;TUWAIQEC;Mon Mar 18 18:17:25 +0000 2019;9;7;Undetermined;"<a href=""http://twitter.com/download/android"" rel=""nofollow"">Twitter for Android</a>";Tweet;;0;4;5
1108449359342043136;"«‰ Â  «·ÃÊ·… 3 „‰ #CA_R6S » √Â· #‰„Ê—_ÿÊÌﬁ ··ÃÊ·… «·—«»⁄… »⁄œ ≈ﬁ’«¡ @YallaEsports° Ê»–·ﬂ ”‰ﬁ«»· @WoRzeSports

Round 3 of #CA_R6S has ended with #TuwaiqLeopards qualifying to Round 4 after the disqulification of @YallaEsports, where we face @WoRzeSports

@ChallengeArena_
??????????";TUWAIQ eSports;TUWAIQEC;Wed Mar 20 19:24:55 +0000 2019;7;5;Undetermined;"<a href=""http://twitter.com/download/android"" rel=""nofollow"">Twitter for Android</a>";Tweet;;0;4;5
1108449361829203970;"GG Boys ??????????

@MoathR6
@JustRusher0
@ALTRSr6
@Im7mdgh
@Y4zann";TUWAIQ eSports;TUWAIQEC;Wed Mar 20 19:24:56 +0000 2019;4;1;English;"<a href=""http://twitter.com/download/android"" rel=""nofollow"">Twitter for Android</a>";Reply;;0;0;5
1108681940171919365;"@WoRzeSports @ChallengeArena_ ﬂ·‰« Õ„«” ·„Ê«ÃÂ ﬂ„° Ê≈‰ ‘«¡ «··Â  ﬂÊ‰ „Ê«ÃÂ…  ·Ìﬁ »«·ÿ—›Ì‰° ÊÌ” „ ⁄ »Â« «·„ «»⁄Ì‰.. Ê #‰„Ê—_ÿÊÌﬁ Ã«Â“Ì‰ ??
@MoathR6
@JustRusher0
@ALTRSr6
@Im7mdgh
@Y4zann
Ê⁄œ‰« «·”»  ????";TUWAIQ eSports;TUWAIQEC;Thu Mar 21 10:49:07 +0000 2019;2;0;Arabic;"<a href=""http://twitter.com/download/android"" rel=""nofollow"">Twitter for Android</a>";Reply;;0;1;7
1109160831734947844;"Keep up with our latest news, videos, and photos by following us on:

«»ﬁÊ« ⁄·Ï ≈ÿ·«⁄ »√Œ— «·√Œ»«—° «·„ﬁ«ÿ⁄ «·„—∆Ì… Ê’Ê— «·‰«œÌ° Ê–·ﬂ ⁄»— „ «»⁄ ‰« ⁄·Ï:

Instagram: 
https://t.co/bA70AZkpDi

YouTube: 
https://t.co/P6QfAuDELz

#‰„Ê—_ÿÊÌﬁ";TUWAIQ eSports;TUWAIQEC;Fri Mar 22 18:32:04 +0000 2019;0;4;Undetermined;"<a href=""http://twitter.com/download/android"" rel=""nofollow"">Twitter for Android</a>";Retweet;;2;1;0
1109524362011529217;"#RainbowSixSiegeArab #CA_R6S

»œ√  À«‰Ì „»«—«Â „‰ «·ÃÊ·Â «·—«»⁄Â ··ÌÊ„ „‰ »ÿÊ·… ”ÌÃ «·⁄—»ÌÂ  ????

@WoRzeSports
Vs
@TUWAIQEC
 
 «»⁄ «·»À «·„»«‘— ··„»«—Ì«  ⁄»— «·—«»ÿ √œ‰«Â ????
 https://t.co/PZ9hxbwNqI

„Ì‰ —«Õ Ì √Â· ·‰’› «·‰Â«∆Ì ??ø";TUWAIQ eSports;TUWAIQEC;Sat Mar 23 18:36:36 +0000 2019;0;3;Arabic;"<a href=""http://twitter.com/download/android"" rel=""nofollow"">Twitter for Android</a>";Retweet;;1;2;2
1109544865724010496;"«·ÃÊ·… «·—«»⁄… „‰ »ÿÊ·… ”ÌÃ «·⁄—»Ì… #CA_R6S «‰ Â  »›Ê“ #‰„Ê—_ÿÊÌﬁ ⁄·Ï @WoRzeSports »‰ ÌÃ… 7-4

Day Two of R6S Arab Tournament #CA_R6S has ended with #TuwaiqLeopards winning 7-4 against @WoRzeSports GG WP

Well done boys ??????
@MoathR6
@JustRusher0
@ALTRSr6
@Im7mdgh
@Y4zann https://t.co/CRngpxYY83";TUWAIQ eSports;TUWAIQEC;Sat Mar 23 19:58:04 +0000 2019;12;9;Undetermined;"<a href=""http://twitter.com"" rel=""nofollow"">Twitter Web Client</a>";Tweet;Photo;0;4;7
1109544867989020672;"Ê»–·ﬂ ‰ √Â· ≈·Ï ‰’› «·‰Â«∆Ì ÕÌÀ ‰Ê«ÃÂ… @OshTekkWarriors  

we have now qualified to the semi finals where we play against @OshTekkWarriors

????????";TUWAIQ eSports;TUWAIQEC;Sat Mar 23 19:58:05 +0000 2019;1;0;Catalan;"<a href=""http://twitter.com"" rel=""nofollow"">Twitter Web Client</a>";Reply;;0;0;2
1110996404992962560;»ﬁÌ „»«—«… Ê«Õœ… · #‰„Ê—_ÿÊÌﬁ ÊÂÌ · ÕœÌœ √’Õ«» «·„—ﬂ“ «·À«·À Ê«·—«»⁄ ????;TUWAIQ eSports;TUWAIQEC;Wed Mar 27 20:05:58 +0000 2019;0;0;Arabic;"<a href=""http://twitter.com"" rel=""nofollow"">Twitter Web Client</a>";Reply;;0;1;0
1110996403675951104;"‰’› «·‰Â«∆Ì „‰ »ÿÊ·… #CA_R6S  ‰ ÂÌ »Â“Ì„… #‰„Ê—_ÿÊÌﬁ »‰ ÌÃ… 2-0 „‰ @OshTekkWarriors 
The Semi Final of R #CA_R6S has ended with a 2-0 defeat against @OshTekkWarriors 

›ŒÊ—Ê‰ »ﬂ„ „” ÊÏ „—÷Ì Ê«·ﬁ«œ„ √Ã„· Ê√ﬁÊÏ ????????
@MoathR6
@JustRusher0
@ALTRSr6
@Im7mdgh
@Y4zann
@poorkiiddo";TUWAIQ eSports;TUWAIQEC;Wed Mar 27 20:05:58 +0000 2019;14;3;Arabic;"<a href=""http://twitter.com"" rel=""nofollow"">Twitter Web Client</a>";Tweet;;0;3;8
1111598869186519045;@cocodrilosgg https://t.co/8lNb3f51Tk;TUWAIQ eSports;TUWAIQEC;Fri Mar 29 11:59:57 +0000 2019;0;1;Undetermined;"<a href=""http://twitter.com/download/android"" rel=""nofollow"">Twitter for Android</a>";Retweet;GIF;0;0;1
1111705778652672000;"«‰ Â  „»«—«…  ÕœÌœ «·„—ﬂ“ «·À«·À »«‰ ’«— #‰„Ê—_ÿÊÌﬁ ⁄·Ï @cocodrilosgg »‰ ÌÃ… ?-? Ê»–·ﬂ Ì‰ ÂÌ „‘Ê«—‰« ›Ì »ÿÊ·… ”ÌÃ «·⁄—»Ì…° Ê‰Êœ √‰ ‰ﬁœ„ ‘ﬂ—‰« ··ÃÂÊœ «·„ﬁœ„… „‰ ﬁ»· «·„‰Ÿ„Ì‰ Ê«·„⁄·ﬁÌ‰ Êﬂ«„· ›—Ìﬁ «·⁄„· ›Ì @ChallengeArena_

‰· ﬁÌ »ﬂ„ „Ãœœ« ›Ì »ÿÊ·… √Œ—Ï ﬁ—Ì»« ??????";TUWAIQ eSports;TUWAIQEC;Fri Mar 29 19:04:46 +0000 2019;11;2;Arabic;"<a href=""http://twitter.com/download/android"" rel=""nofollow"">Twitter for Android</a>";Tweet;;0;1;2
1111706822690394112;"›ŒÊ—Ì‰ »«·⁄„· «·ﬂ»Ì— «·–Ì ﬁœ„ÊÂ #‰„Ê—_ÿÊÌﬁ ›Ì Â–Â «·»ÿÊ·…° ÊÕ „« „⁄ «·⁄„· «·Ã«œ Ê«·≈Œ·«’ „‰ «··«⁄»Ì‰ ”ÌﬂÊ‰  «·Õ’«œ ﬁ—Ì» «‰ ‘«¡ «··Â
@MoathR6 
@JustRusher0
@Im7mdgh 
@ALTRSr6 
@Y4zann 
????????????";TUWAIQ eSports;TUWAIQEC;Fri Mar 29 19:08:55 +0000 2019;4;1;Arabic;"<a href=""http://twitter.com/download/android"" rel=""nofollow"">Twitter for Android</a>";Reply;;0;1;5
1111707123715637248;"«ﬁÊ·Â« ··„—… «·À«‰Ì… „»”Êÿ Ãœ« «‰Ì ·⁄»  ·›—Ìﬁ ÿÊÌﬁ Ê«·Õ„œ··Â Õﬁﬁ‰« «·„—ﬂ“ «·À«·À ""Ê·Ê «‰Ì „«·⁄»  «·« ‰’› «·‰Â«∆Ì"" «·›÷· ﬂ·Â ··‘»«» @MoathR6 @JustRusher0 @Im7mdgh @Y4zann @ALTRSr6 ??";TUWAIQ eSports;TUWAIQEC;Fri Mar 29 19:10:07 +0000 2019;0;2;Arabic;"<a href=""http://twitter.com/download/android"" rel=""nofollow"">Twitter for Android</a>";Retweet;;0;0;5
1111720732373995522;"Are you ready operators? 
Â· «‰ „ Ã«Â“Ê‰ √ÌÂ« «·⁄„·«¡ø

Mission report from Six:

Prize pool ??: 10,000 SAR
Type ??: Online
Dates ?: 4 - 12 April 2019
Location ??: MENA
 
Registration: https://t.co/SStcENVIOf

@SAFEISKSA @Ubisoft
#FESCO_R6S #R6S https://t.co/P8r263Bn3d";TUWAIQ eSports;TUWAIQEC;Fri Mar 29 20:04:12 +0000 2019;0;22;Undetermined;"<a href=""http://twitter.com/download/android"" rel=""nofollow"">Twitter for Android</a>";Retweet;Video;1;2;2
1111721016261259264;@FutureEsportsco @sultansp0rt @SAFEISKSA @Ubisoft #‰„Ê—_ÿÊÌﬁ Ã«Â“Ì‰ ??????????;TUWAIQ eSports;TUWAIQEC;Fri Mar 29 20:05:19 +0000 2019;1;0;Arabic;"<a href=""http://twitter.com/download/android"" rel=""nofollow"">Twitter for Android</a>";Reply;;0;1;4
1112004572124463106;„Ì‰Ì „Ê‰ «Ã Ì÷Õﬂ https://t.co/4NPeGE5zbx;TUWAIQ eSports;TUWAIQEC;Sat Mar 30 14:52:04 +0000 2019;0;10;Arabic;"<a href=""http://twitter.com/download/android"" rel=""nofollow"">Twitter for Android</a>";Retweet;Video;0;0;0
1112100259851890689;"‰ «∆Ã »ÿÊ·… ”ÌÃ «·⁄—»ÌÂ ??

»«· Ê›Ìﬁ ··›«∆“Ì‰ ????

@OshTekkWarriors ??

@POWReSports  ??

@TUWAIQEC  ??

@cocodrilosgg ??

#CA_R6S
#RainbowSixSiegeArab https://t.co/CDFENseQuS";TUWAIQ eSports;TUWAIQEC;Sat Mar 30 21:12:18 +0000 2019;0;10;Arabic;"<a href=""http://twitter.com/download/android"" rel=""nofollow"">Twitter for Android</a>";Retweet;Photo;0;2;4
1113070778357071873;"We are glad and honored to have our team mentioned in the article written by the prestigious @Siege_GG

ﬂ·‰« ”⁄«œ… Ê›Œ— √‰ Ì „ –ﬂ— ‰«œÌ‰« Ê·«⁄»ÌÂ ›Ì «·„ﬁ«·… «· Ì ﬂ »  „‰ ﬁ»· @Siege_GG
Ê‰⁄·‰ «” ⁄œ«œ‰« «· «„ ··„‘«—ﬂ… ›Ì »ÿÊ·… @FutureEsportsco 

#‰„Ê—_ÿÊÌﬁ ﬁ«œ„Ê‰ ··›Ê“ ?????? https://t.co/iOlc1uxp5B";TUWAIQ eSports;TUWAIQEC;Tue Apr 02 13:28:48 +0000 2019;5;3;Undetermined;"<a href=""http://twitter.com/download/android"" rel=""nofollow"">Twitter for Android</a>";Tweet;;1;1;3
1113497162233581569;"??Roster Announcement??

As the @FutureEsportsco tournament is starting tomorrow, we are glad to be competing again with our #TuwaiqLeopards:
@MoathR6
@JustRusher0
@ALTRSr6
@Im7mdgh 
@Y4zann 
@RG_R6S 

Be aware as our #leopards are hungry ???? https://t.co/VkBDQ3Jhir";TUWAIQ eSports;TUWAIQEC;Wed Apr 03 17:43:05 +0000 2019;10;5;English;"<a href=""http://twitter.com/download/android"" rel=""nofollow"">Twitter for Android</a>";Tweet;GIF;0;2;7
1113497181129007109;"€œ« ” »œ√ „‰«›”«  »ÿÊ·… @FutureEsportsco Êﬂ·‰« ”⁄«œ… √‰ ‰‰«›” „Ãœœ« ›Ì »ÿÊ·… ÃœÌœ… Êﬂ·‰« Àﬁ… »ﬁœ—… #‰„Ê—_ÿÊÌﬁ » ﬁœÌ„ „” ÊÌ«  Ã»«—… Ê«·Ÿ›— »«·»ÿÊ·…
ﬂ·‰« Àﬁ… ›Ìﬂ„ Ì« #‰„Ê—_ÿÊÌﬁ:
@MoathR6 
@JustRusher0
@ALTRSr6 
@Im7mdgh 
@Y4zann 
@RG_R6S 

Ê⁄·Ï «·Ã„Ì⁄ «·Õ–— ›‰„Ê—‰« Ã«∆⁄Ê‰ ???? https://t.co/jdFpDh5wpX";TUWAIQ eSports;TUWAIQEC;Wed Apr 03 17:43:10 +0000 2019;6;4;Arabic;"<a href=""http://twitter.com/download/android"" rel=""nofollow"">Twitter for Android</a>";Reply;GIF;0;2;7
1114265804529336321;"«‰ Â  „»«— ‰« «·√Ê·Ï ›Ì »ÿÊ·… @FutureEsportsco »«‰ ’«— #‰„Ê—‹ÿÊÌﬁ »‰ ÌÃ… ?-? ⁄·Ï ›—Ìﬁ @AGReSports° Ê»–·ﬂ Ì √Â· ›—Ìﬁ‰« ≈·Ï «·„—Õ·… «·À«‰Ì…. 

Our first game @FutureEsportsco tournament has ended with #tuwaiqLeopards winning 7-1 vs @AGReSports, and qualifying to Round 2.

????";TUWAIQ eSports;TUWAIQEC;Fri Apr 05 20:37:24 +0000 2019;12;8;Undetermined;"<a href=""http://twitter.com/#!/download/ipad"" rel=""nofollow"">Twitter for iPad</a>";Tweet;;0;2;4
1114265806651760641;"Well done Boys ??????????
@MoathR6 
@JustRusher0 
@ALTRSr6 
@Im7mdgh 
@Y4zann 
@RG_R6S";TUWAIQ eSports;TUWAIQEC;Fri Apr 05 20:37:25 +0000 2019;5;0;English;"<a href=""http://twitter.com/#!/download/ipad"" rel=""nofollow"">Twitter for iPad</a>";Reply;;0;0;6
1114291513083744257;"Go watch and support our Rainbow Six Team Captain @MoathR6 on Twitch through the link below!

«œ⁄„Ê« Ê «»⁄Ê« «·»À «·„»«‘— ·ﬂ«» ‰ ›—Ìﬁ —Ì‰»Ê  @MoathR6 ⁄·Ï  ÊÌ ‘ ⁄»— «·—«»ÿ √œ‰«Â!

????????
 https://t.co/LsyuAO5naT";TUWAIQ eSports;TUWAIQEC;Fri Apr 05 22:19:33 +0000 2019;4;3;Undetermined;"<a href=""http://twitter.com/download/android"" rel=""nofollow"">Twitter for Android</a>";Tweet;;1;0;2
1114352092184031233;«Ê· «” —Ì„ ·Ì ﬂ«‰ «ﬂÀ— „‰ Ã„Ì· ‘ﬂ—« ··Ì ‰Ê—Ê «·»À Ê «·Ì “Ì‰Ê ·Ì ÂÊ”  Ê «·„ «»⁄Ì‰  Ì⁄ÿÌﬂ„ «·⁄«›ÌÂ ﬂ·ﬂ„ ???? https://t.co/nakH8EAQ5t;TUWAIQ eSports;TUWAIQEC;Sat Apr 06 02:20:17 +0000 2019;0;2;Arabic;"<a href=""http://twitter.com/#!/download/ipad"" rel=""nofollow"">Twitter for iPad</a>";Retweet;Photo;0;0;0
1114541069084045313;@JustRusher0 No;TUWAIQ eSports;TUWAIQEC;Sat Apr 06 14:51:12 +0000 2019;0;0;Undetermined;"<a href=""http://twitter.com/#!/download/ipad"" rel=""nofollow"">Twitter for iPad</a>";Reply;;0;0;1
1114547389266833413;@MoathR6 @JustRusher0 ·«;TUWAIQ eSports;TUWAIQEC;Sat Apr 06 15:16:19 +0000 2019;0;0;Arabic;"<a href=""http://twitter.com/#!/download/ipad"" rel=""nofollow"">Twitter for iPad</a>";Reply;;0;0;2
1115705765946384384;‰ —Ê· —«‰ﬂ  ⁄«·Ê« https://t.co/MfDVsovFJT;TUWAIQ eSports;TUWAIQEC;Tue Apr 09 19:59:18 +0000 2019;0;5;Arabic;"<a href=""http://twitter.com/download/android"" rel=""nofollow"">Twitter for Android</a>";Retweet;;1;0;0
1116316149044645894;#‘«—ﬂ‰«_’Ê— ﬂ_Ê«‰ _’€Ì— https://t.co/LbIj4RnYxh;TUWAIQ eSports;TUWAIQEC;Thu Apr 11 12:24:44 +0000 2019;4;1;Undetermined;"<a href=""http://twitter.com/download/android"" rel=""nofollow"">Twitter for Android</a>";Tweet;GIF;0;1;0
1122197799842357248;"A new #leopard joins #Tuwaiq today, stay tuned..

#‰„— ÃœÌœ Ì‰÷„ ≈·Ï #ÿÊÌﬁ «·ÌÊ„° «‰ Ÿ—Ê‰« ??????

#‰„Ê—_ÿÊÌﬁ";TUWAIQ eSports;TUWAIQEC;Sat Apr 27 17:56:19 +0000 2019;10;2;Undetermined;"<a href=""http://twitter.com/download/android"" rel=""nofollow"">Twitter for Android</a>";Tweet;;0;5;0
1122211531675066369;"??announcement?? 
??≈⁄·«‰??

‰› Œ— Ê‰”⁄œ »«·≈⁄·«‰ ⁄‰ «‰÷„«„ @G4ulio ·‹ #‰„Ê—‹ÿÊÌﬁ° ﬂ√Œ’«∆Ì —Ì«÷«  ≈·ﬂ —Ê‰Ì…

we are honored and pleased to announce that @G4ulio has joined #tuwaiq as an eSports Specialist 

#‰„Ê—‹ÿÊÌﬁ
#ÿÊÌﬁ
#Tuwaiqleopards
#Tuwaiq

???????? https://t.co/bHigJDO1aK";TUWAIQ eSports;TUWAIQEC;Sat Apr 27 18:50:53 +0000 2019;13;8;Undetermined;"<a href=""http://twitter.com"" rel=""nofollow"">Twitter Web Client</a>";Tweet;Photo;0;6;2
1122213197145083904;@Im7mdgh @poorkiiddo @MorochenFn Sorry, but we only take in players with a 100+ ping ????;TUWAIQ eSports;TUWAIQEC;Sat Apr 27 18:57:30 +0000 2019;2;0;English;"<a href=""http://twitter.com"" rel=""nofollow"">Twitter Web Client</a>";Reply;;0;0;3
1122214710642905088;@Im7mdgh @poorkiiddo @MorochenFn we made exceptions for legends like you ??;TUWAIQ eSports;TUWAIQEC;Sat Apr 27 19:03:31 +0000 2019;2;0;English;"<a href=""http://twitter.com"" rel=""nofollow"">Twitter Web Client</a>";Reply;;0;0;3
1122218539082035200;"Welcome to #Tuwaiq @G4ulio 
„—Õ»« »ﬂ @G4ulio #ÿÊÌﬁ
???????? https://t.co/G0a1Ul6way";TUWAIQ eSports;TUWAIQEC;Sat Apr 27 19:18:44 +0000 2019;3;3;Undetermined;"<a href=""http://twitter.com"" rel=""nofollow"">Twitter Web Client</a>";Tweet;Photo;0;2;2
1124778618343829504;"A few #announcements happening tomorrow, one them is a new #leopard joining our #TuwaiqLeopards squad.

Stay tuned for more info tomorrow ????????

⁄œ… √„Ê— ”Ì „ «·≈⁄·«‰ ⁄‰Â« €œ« √Â„Â« «‰÷„«„ ‰„— ÃœÌœ ≈·Ï ›—Ìﬁ#‰„Ê—_ÿÊÌﬁ

«‰ Ÿ—Ê‰« ????????";TUWAIQ eSports;TUWAIQEC;Sat May 04 20:51:34 +0000 2019;11;4;Undetermined;"<a href=""http://twitter.com/download/android"" rel=""nofollow"">Twitter for Android</a>";Tweet;;0;3;0
1125138945157816320;"??announcement??
??≈⁄·«‰??
‰”⁄œ »√‰ ‰⁄·‰ «‰ÿ·«ﬁ ”Ì—›— ‰«œÌ ÿÊÌﬁ ⁄·Ï „‰’… œÌ”ﬂÊ—œ ‰ ‘—› »ﬂ„ Ã„Ì⁄«
we are pleased to announce the launch of Tuwiaq server on discord we welcome you all 
Link : https://t.co/kXsVdR160y 
#‰„Ê—_ÿÊÌﬁ
#discord https://t.co/lZo8I5yFhN";TUWAIQ eSports;TUWAIQEC;Sun May 05 20:43:23 +0000 2019;9;9;Undetermined;"<a href=""http://twitter.com/download/iphone"" rel=""nofollow"">Twitter for iPhone</a>";Tweet;Photo;1;2;0
1125144982409625606;"??announcement ?? 
??≈⁄·«‰?? 
‰”⁄œ »√‰ ‰⁄·‰ «‰ÿ·«ﬁ ﬁ‰«… ‰«œÌ ÿÊÌﬁ ⁄·Ï „‰’…  ÊÌ ‘ ··»À «·„»«‘—  «»⁄Ê‰« 
we are pleased to announce the launch of Tuwiaq Twitch channel donít forget to push that follow button 
Link : https://t.co/g2oqMrK357
#‰„Ê—_ÿÊÌﬁ
#twitch https://t.co/cYlvacvx2Z";TUWAIQ eSports;TUWAIQEC;Sun May 05 21:07:22 +0000 2019;7;3;Catalan;"<a href=""http://twitter.com/download/iphone"" rel=""nofollow"">Twitter for iPhone</a>";Tweet;Photo;1;2;0
1125332934146314240;"??announcement?? 
??≈⁄·«‰??

‰”⁄œ »√‰ ‰⁄·‰ ⁄‰ «‰÷„«„ «··«⁄» @Anego_6 ≈·Ï #‰„Ê—‹ÿÊÌﬁ° ··⁄»… @Rainbow6AR

We are pleased to announce that @Anego_6 has joined our @Rainbow6AR squad 
#TuwaiqLeopards
#Tuwaiq
#rainbowsixsiege

???????? https://t.co/Ef2JoiQaw7";TUWAIQ eSports;TUWAIQEC;Mon May 06 09:34:13 +0000 2019;28;13;Undetermined;"<a href=""http://twitter.com/download/iphone"" rel=""nofollow"">Twitter for iPhone</a>";Tweet;Photo;0;4;4
1125354052815065088;"‰«œÌ ÿÊÌﬁ ÌÂ‰∆ „ «»⁄Ì‰Â «·√⁄“«¡ »Õ·Ê· ‘Â— —„÷«‰ «·„»«—ﬂ Êﬂ· ⁄«„ Ê√‰ „ »ŒÌ—...

Ramadan Mubarak
Wishing you a peaceful and happy Ramadan 
#—„÷«‰_„»«—ﬂ 
#Tuwaiq 
#Ramadan https://t.co/aG3zDTXIGO";TUWAIQ eSports;TUWAIQEC;Mon May 06 10:58:08 +0000 2019;7;5;Undetermined;"<a href=""http://twitter.com/download/iphone"" rel=""nofollow"">Twitter for iPhone</a>";Tweet;Photo;0;3;0
1125467043975827457;@MoathR6 @Anego_6 @NjoudRB @Rainbow6AR https://t.co/cRi7vVrpoG;TUWAIQ eSports;TUWAIQEC;Mon May 06 18:27:08 +0000 2019;1;0;Undetermined;"<a href=""http://twitter.com/download/android"" rel=""nofollow"">Twitter for Android</a>";Reply;GIF;0;0;4
1125882972136267779;"??announcement?? 
??≈⁄·«‰??

‰”⁄œ »√‰ ‰⁄·‰ ⁄‰ «‰÷„«„ «··«⁄» @Anego_6 ≈·Ï #‰„Ê—‹ÿÊÌﬁ° ··⁄»… @Rainbow6AR

We are pleased to announce that @Anego_6 has joined our @Rainbow6AR squad 
#TuwaiqLeopards
#Tuwaiq
#rainbowsixsiege

???????? https://t.co/Ef2JoiQaw7";TUWAIQ eSports;TUWAIQEC;Tue May 07 21:59:53 +0000 2019;0;13;Undetermined;"<a href=""http://twitter.com/download/android"" rel=""nofollow"">Twitter for Android</a>";Retweet;Photo;0;4;4
1126162444328550400;@JustRusher0 https://t.co/xCZaE96r6o;TUWAIQ eSports;TUWAIQEC;Wed May 08 16:30:24 +0000 2019;2;0;Undetermined;"<a href=""http://twitter.com/download/android"" rel=""nofollow"">Twitter for Android</a>";Reply;GIF;0;0;1
1126955894674268160;"Our First match at the PlayHera Tournament ended with a 7-1 win over @NemesisGG

Well done Boys ?????? 
@ALTRSr6
@Anego_6 
@JustRusher0 
@Y4zann 
@Im7mdgh 
@MoathR6 

@PlayHera_MENA
@Rainbow6AR 

#rainbowsixsiege
#‰„Ê—_ÿÊÌﬁ https://t.co/feCkHu7tPt";TUWAIQ eSports;TUWAIQEC;Fri May 10 21:03:17 +0000 2019;13;6;English;"<a href=""http://twitter.com"" rel=""nofollow"">Twitter Web Client</a>";Tweet;Photo;0;2;9
1126956401430024194;"√‰ Â  √Ê·Ï „»«—Ì«  «·›—Ìﬁ ›Ì »ÿÊ·… »·«Ì ÂÌ—« «·⁄—»Ì… »›Ê“ #‰„Ê—‹ÿÊÌﬁ ⁄·Ï ›—Ìﬁ @NemesisGG »‰ ÌÃ… 7-1 

›«·ﬂ„ «·»ÿÊ·…Ì« ‰„Ê— ????

@ALTRSr6 
@Anego_6 
@JustRusher0 
@MoathR6 
@Im7mdgh 
@Y4zann 

@PlayHera_MENA
@Rainbow6AR 

#rainbowsixsiege
#‰„Ê—_ÿÊÌﬁ https://t.co/TtpC9r0R3B";TUWAIQ eSports;TUWAIQEC;Fri May 10 21:05:18 +0000 2019;6;5;Arabic;"<a href=""http://twitter.com"" rel=""nofollow"">Twitter Web Client</a>";Tweet;Photo;0;3;9
1126970606778552321;@IFKToRx @NemesisGG @ALTRSr6 @Anego_6 @JustRusher0 @Y4zann @Im7mdgh @MoathR6 @PlayHera_MENA @Rainbow6AR ?? https://t.co/89UcWnkafD;TUWAIQ eSports;TUWAIQEC;Fri May 10 22:01:45 +0000 2019;0;0;Undetermined;"<a href=""http://twitter.com/download/android"" rel=""nofollow"">Twitter for Android</a>";Reply;GIF;0;0;10
1127321329559060481;"√‰ Â  À«‰Ì „»«—Ì«  «·›—Ìﬁ ›Ì »ÿÊ·… »·«Ì ÂÌ—« «·⁄—»Ì… »›Ê“ #‰„Ê—‹ÿÊÌﬁ ⁄·Ï ›—Ìﬁ Dothrakis »‰ ÌÃ… 7-2 

›«·ﬂ„ «·»ÿÊ·…Ì« ‰„Ê— ????

@ALTRSr6 
@Anego_6 
@JustRusher0 
@Y4zann 
@Im7mdgh 
@MoathR6 

@PlayHera_MENA
@Rainbow6AR 

#rainbowsixsiege
#‰„Ê—_ÿÊÌﬁ https://t.co/bjJtFwTKwE";TUWAIQ eSports;TUWAIQEC;Sat May 11 21:15:24 +0000 2019;14;6;Arabic;"<a href=""http://twitter.com"" rel=""nofollow"">Twitter Web Client</a>";Tweet;Photo;0;3;8
1127321917545906176;"Our second match at the PlayHera Tournament ended with a 7-2 win over Dothrakis

Well done Boys ?????? 
@ALTRSr6
@Anego_6 
@JustRusher0 
@Y4zann 
@Im7mdgh 
@MoathR6 

@PlayHera_MENA
@Rainbow6AR 

#rainbowsixsiege
#‰„Ê—_ÿÊÌﬁ https://t.co/coYP7LS938";TUWAIQ eSports;TUWAIQEC;Sat May 11 21:17:44 +0000 2019;4;4;English;"<a href=""http://twitter.com"" rel=""nofollow"">Twitter Web Client</a>";Tweet;Photo;0;2;8
1127360545609388033;"Keep up with our latest news, videos, and photos by following us on:

«»ﬁÊ« ⁄·Ï ≈ÿ·«⁄ »√Œ— «·√Œ»«—° «·„ﬁ«ÿ⁄ «·„—∆Ì… Ê’Ê— «·‰«œÌ° Ê–·ﬂ ⁄»— „ «»⁄ ‰« ⁄·Ï:

Instagram: 
https://t.co/bA70AZkpDi 

YouTube: 
https://t.co/P6QfAuDELz Ö

twitch:
https://t.co/uESzVKgq1G

#‰„Ê—_ÿÊÌﬁ";TUWAIQ eSports;TUWAIQEC;Sat May 11 23:51:14 +0000 2019;5;4;Undetermined;"<a href=""http://twitter.com"" rel=""nofollow"">Twitter Web Client</a>";Tweet;;3;1;0
1127374037297053699;"LIVE NOW !!
@MoathR6 
[#rainbow6siege]
LINK : https://t.co/FS54kf45Yb https://t.co/m1oIXLK5VQ";TUWAIQ eSports;TUWAIQEC;Sun May 12 00:44:50 +0000 2019;1;3;English;"<a href=""http://twitter.com"" rel=""nofollow"">Twitter Web Client</a>";Tweet;GIF;1;1;1
1127709500847415301;"√‰ Â  À«‰Ì „»«—Ì«  «·›—Ìﬁ ›Ì »ÿÊ·… ›ÌÊ ‘Ì— «Ì”»Ê—  «·⁄—»Ì… »›Ê“ #‰„Ê—‹ÿÊÌﬁ ⁄·Ï ›—Ìﬁ House Baelish »‰ ÌÃ… 7-1 

›«·ﬂ„ «·»ÿÊ·…Ì« ‰„Ê— ??

@ALTRSr6
@Anego6 
@JustRusher0 
@Y4zann 
@Im7mdgh 
@MoathR6 

@FutureEsportsco
@Rainbow6AR 

#rainbowsixsiege
#‰„Ê—ÿÊÌﬁ https://t.co/OYIMk3sBLO";TUWAIQ eSports;TUWAIQEC;Sun May 12 22:57:51 +0000 2019;13;6;Arabic;"<a href=""http://twitter.com"" rel=""nofollow"">Twitter Web Client</a>";Tweet;Photo;0;3;8
1127709781094031362;"Our second match at the FutureEsport Tournament ended with a 7-1 win over House Baelish

Well done Boys ????
@ALTRSr6
@Anego6 
@JustRusher0 
@Y4zann 
@Im7mdgh 
@MoathR6 

@FutureEsportsco
@Rainbow6AR 

#rainbowsixsiege
#‰„Ê—_ÿÊÌﬁ https://t.co/lLlyIxyCXF";TUWAIQ eSports;TUWAIQEC;Sun May 12 22:58:58 +0000 2019;7;3;English;"<a href=""http://twitter.com"" rel=""nofollow"">Twitter Web Client</a>";Tweet;Photo;0;2;8
1127735609060151296;@FutureEsportsco https://t.co/8XAVkqSehe;TUWAIQ eSports;TUWAIQEC;Mon May 13 00:41:36 +0000 2019;2;2;Undetermined;"<a href=""http://twitter.com/download/iphone"" rel=""nofollow"">Twitter for iPhone</a>";Reply;GIF;0;0;1
1127996193643139072;"?? ﬁÌ› «Ê«Ì ·ÃÂ«“ Stream Deck 
«·‘—Êÿ
1- «»⁄‰Ì ?
2-„ «»⁄… Õ”«» @TUWAIQEC 
3-—Ì ÊÌ  ·Â«–Ì «· €—Ìœ…

«·”Õ» —«Õ ÌﬂÊ‰ » 27 May https://t.co/3tmdFP6zpi";TUWAIQ eSports;TUWAIQEC;Mon May 13 17:57:04 +0000 2019;0;167;Arabic;"<a href=""http://twitter.com/download/android"" rel=""nofollow"">Twitter for Android</a>";Retweet;Photo;0;0;1
1128134689787731968;"√‰ Â  ÃÊ·… «·—»⁄ ‰Â«∆Ì  ›Ì »ÿÊ·…  »·«Ì ÂÌ—« «·⁄—»Ì… »Œ”«—…  #‰„Ê—‹ÿÊÌﬁ «„«„ ›—Ìﬁ  Misfits »‰ ÌÃ… 7-5 Ê»Â–«  ‰ ÂÌ „”Ì—… #‰„Ê—_ÿÊÌﬁ ›Ì «·»ÿÊ·… 

„« ﬁ’— „ Ì« ‰„Ê—

@ALTRSr6
@Anego_6 
@JustRusher0 
@Y4zann 
@Im7mdgh 
@MoathR6 

@PlayHera_MENA
@Rainbow6AR https://t.co/XaQ7HUa8cs";TUWAIQ eSports;TUWAIQEC;Tue May 14 03:07:24 +0000 2019;16;4;Arabic;"<a href=""http://twitter.com"" rel=""nofollow"">Twitter Web Client</a>";Tweet;Photo;0;2;8
1128785812726923264;"Our #tuwaiq_leopards are playing the Quarter-finals at  @FutureEsportco Tournament against @TUeSports_ 
stream link : https://t.co/KwX1wsB3ZI";TUWAIQ eSports;TUWAIQEC;Wed May 15 22:14:44 +0000 2019;0;0;English;"<a href=""http://twitter.com/download/iphone"" rel=""nofollow"">Twitter for iPhone</a>";Tweet;;1;1;1
1128785997016256513;Ì‘«—ﬂ «·«‰ #‰„Ê—_ÿÊÌﬁ ›Ì ÃÊ·… «·—»⁄ ‰Â«∆Ì ›Ì »ÿÊ·… @FutureEsportsco «„«„ ›—Ìﬁ @TUeSports_ ·„‘«Âœ… «·»À  : https://t.co/KwX1wsB3ZI;TUWAIQ eSports;TUWAIQEC;Wed May 15 22:15:28 +0000 2019;4;3;Arabic;"<a href=""http://twitter.com/download/iphone"" rel=""nofollow"">Twitter for iPhone</a>";Tweet;;1;1;2
1128809524989767684;"√‰ Â  ÃÊ·… «·—»⁄ ‰Â«∆Ì  ›Ì »ÿÊ·…  @FutureEsportsco »Œ”«—…  #‰„Ê—‹ÿÊÌﬁ «„«„ ›—Ìﬁ @TUeSports_ »‰ ÌÃ… 7-3 Ê»Â–«  ‰ ÂÌ „”Ì—… #‰„Ê—_ÿÊÌﬁ ›Ì «·»ÿÊ·… »«· Ê›Ìﬁ ·‹@TUeSports_ »«·„—Õ·… «·ﬁ«œ„…
„« ﬁ’— „ Ì« ‰„Ê—
@ALTRSr6
@Anego_6 
@JustRusher0 
@Y4zann 
@Im7mdgh 
@MoathR6 

@FutureEsportsco https://t.co/l6CF4XrAMY";TUWAIQ eSports;TUWAIQEC;Wed May 15 23:48:57 +0000 2019;11;5;Arabic;"<a href=""http://twitter.com"" rel=""nofollow"">Twitter Web Client</a>";Tweet;Photo;0;2;10
1129926989824057345;"LIVE NOW !!
@MoathR6 
[#rainbow6siege]
LINK : https://t.co/FS54kf45Yb https://t.co/gQQnQl4170";TUWAIQ eSports;TUWAIQEC;Sun May 19 01:49:22 +0000 2019;1;2;English;"<a href=""http://twitter.com"" rel=""nofollow"">Twitter Web Client</a>";Tweet;GIF;1;1;1
1129927304996642817;"LIVE NOW !!
@Anego_6 
[#rainbow6siege]
LINK : https://t.co/vJsLFuoqi9 https://t.co/DxJWuiSpYD";TUWAIQ eSports;TUWAIQEC;Sun May 19 01:50:37 +0000 2019;1;3;English;"<a href=""http://twitter.com"" rel=""nofollow"">Twitter Web Client</a>";Tweet;GIF;1;1;1
1129927352526544896;"’»««Õ «·ŒÌ— 
https://t.co/AHsBD29GTm";TUWAIQ eSports;TUWAIQEC;Sun May 19 01:50:48 +0000 2019;0;2;Arabic;"<a href=""http://twitter.com"" rel=""nofollow"">Twitter Web Client</a>";Retweet;;1;0;0
1130311061104746496;"Live BTW 
https://t.co/AHsBD29GTm";TUWAIQ eSports;TUWAIQEC;Mon May 20 03:15:31 +0000 2019;0;2;English;"<a href=""http://twitter.com"" rel=""nofollow"">Twitter Web Client</a>";Retweet;;1;0;0
1130682051219349504;"LIVE NOW !!
@Anego_6 
[#rainbow6siege]
LINK : https://t.co/vJsLFuoqi9 https://t.co/luZBa648IF";TUWAIQ eSports;TUWAIQEC;Tue May 21 03:49:42 +0000 2019;2;1;English;"<a href=""http://twitter.com"" rel=""nofollow"">Twitter Web Client</a>";Tweet;GIF;1;1;1
1130682072253816833;"’»««Õ «·ŒÌ—— ‰Ê—Ê‰« »· ” —ÌÌ„ 
https://t.co/AHsBD29GTm";TUWAIQ eSports;TUWAIQEC;Tue May 21 03:49:47 +0000 2019;0;1;Arabic;"<a href=""http://twitter.com"" rel=""nofollow"">Twitter Web Client</a>";Retweet;;1;0;0
1131376650371915777;"ÿÊÊÊÌﬁ ﬂ·Ê» ·«Ì› 
https://t.co/AHsBD29GTm";TUWAIQ eSports;TUWAIQEC;Thu May 23 01:49:48 +0000 2019;0;2;Arabic;"<a href=""http://twitter.com"" rel=""nofollow"">Twitter Web Client</a>";Retweet;;1;0;0
1131377132641411072;"We are live now on twitch come join us 
link :  https://t.co/uESzVKgq1G https://t.co/PL9jSSFHDA";TUWAIQ eSports;TUWAIQEC;Thu May 23 01:51:43 +0000 2019;1;1;English;"<a href=""http://twitter.com"" rel=""nofollow"">Twitter Web Client</a>";Tweet;GIF;1;0;0
1131745554764111872;"·«««Ì› ÂÊ‰ÌÌÌ 
https://t.co/AHsBD2rhKU";TUWAIQ eSports;TUWAIQEC;Fri May 24 02:15:41 +0000 2019;0;2;Arabic;"<a href=""http://twitter.com/download/iphone"" rel=""nofollow"">Twitter for iPhone</a>";Retweet;;1;0;0
1132081991267037185;"LIVE NOW !!
@MoathR6 
[#rainbow6siege]
LINK : https://t.co/FS54kf45Yb https://t.co/AtBOob5rMm";TUWAIQ eSports;TUWAIQEC;Sat May 25 00:32:34 +0000 2019;1;1;English;"<a href=""http://twitter.com"" rel=""nofollow"">Twitter Web Client</a>";Tweet;GIF;1;1;1
1132082596404502528;"„‰ “„«‰ „« œ·⁄‰«ﬂ„ »·ﬁÿÂ Õ·ÊÂ “Ìﬂ„ ??. 
hf https://t.co/3zyykwh051";TUWAIQ eSports;TUWAIQEC;Sat May 25 00:34:58 +0000 2019;0;10;Arabic;"<a href=""http://twitter.com"" rel=""nofollow"">Twitter Web Client</a>";Retweet;Video;0;0;0
1132440327158210562;"LIVE NOW !!
@MoathR6 
[#rainbow6siege]
LINK : https://t.co/FS54kf45Yb https://t.co/OcZdHPU3aT";TUWAIQ eSports;TUWAIQEC;Sun May 26 00:16:28 +0000 2019;1;2;English;"<a href=""http://twitter.com"" rel=""nofollow"">Twitter Web Client</a>";Tweet;GIF;1;1;1
1133187202958143489;"LIVE NOW !!
@Anego_6 
[#rainbow6siege]
LINK : https://t.co/vJsLFuoqi9 https://t.co/kEK7tDhScN";TUWAIQ eSports;TUWAIQEC;Tue May 28 01:44:17 +0000 2019;2;1;English;"<a href=""http://twitter.com"" rel=""nofollow"">Twitter Web Client</a>";Tweet;GIF;1;1;1
1134277239414185986;"I Am HERE People
https://t.co/AHsBD29GTm";TUWAIQ eSports;TUWAIQEC;Fri May 31 01:55:42 +0000 2019;0;2;English;"<a href=""http://twitter.com"" rel=""nofollow"">Twitter Web Client</a>";Retweet;;1;0;0
1134277373749280768;"LIVE NOW !!
@Anego_6 
[#rainbow6siege]
LINK : https://t.co/vJsLFuoqi9 https://t.co/i3AdZc84rn";TUWAIQ eSports;TUWAIQEC;Fri May 31 01:56:14 +0000 2019;3;3;English;"<a href=""http://twitter.com"" rel=""nofollow"">Twitter Web Client</a>";Tweet;GIF;1;1;1
1134653262546767873;"whatssssssup live ??

https://t.co/AHsBD29GTm";TUWAIQ eSports;TUWAIQEC;Sat Jun 01 02:49:53 +0000 2019;0;2;English;"<a href=""http://twitter.com"" rel=""nofollow"">Twitter Web Client</a>";Retweet;;1;0;0
1134653329705984000;"LIVE NOW !!
@Anego_6 
[#rainbow6siege]
LINK : https://t.co/vJsLFuoqi9 https://t.co/jDDpMUxjOt";TUWAIQ eSports;TUWAIQEC;Sat Jun 01 02:50:09 +0000 2019;0;2;English;"<a href=""http://twitter.com"" rel=""nofollow"">Twitter Web Client</a>";Tweet;GIF;1;1;1
1134849709036756993;Ì«ŒÌ ÿ⁄„ «·ﬂ· ‘ €Ì— ???? https://t.co/h30izPOyM8;TUWAIQ eSports;TUWAIQEC;Sat Jun 01 15:50:29 +0000 2019;0;8;Arabic;"<a href=""http://twitter.com/download/iphone"" rel=""nofollow"">Twitter for iPhone</a>";Retweet;Video;0;0;0
1134972497156329473;"‰Ãœœ «·»Ì⁄… Ê«·Ê·«¡ »«·”„⁄ Ê«·ÿ«⁄… ·”„Ê Ê·Ì «·⁄Âœ #„Õ„œ_»‰_”·„«‰_»‰_⁄»œ«·⁄“Ì“ 

#–ﬂ—Ï_»Ì⁄…_Ê·Ì_«·⁄Âœ 

???????????? https://t.co/s5AfohpXbl";TUWAIQ eSports;TUWAIQEC;Sat Jun 01 23:58:24 +0000 2019;8;4;Arabic;"<a href=""http://twitter.com"" rel=""nofollow"">Twitter Web Client</a>";Tweet;Photo;0;2;0
1134976330343288837;"LIVE NOW !!
@MoathR6 
[#rainbow6siege]
LINK : https://t.co/FS54kf45Yb https://t.co/DlBXkKxcb9";TUWAIQ eSports;TUWAIQEC;Sun Jun 02 00:13:38 +0000 2019;0;3;English;"<a href=""http://twitter.com"" rel=""nofollow"">Twitter Web Client</a>";Tweet;GIF;1;1;1
1135374144038719489;"liveee ppl 
https://t.co/AHsBD29GTm";TUWAIQ eSports;TUWAIQEC;Mon Jun 03 02:34:24 +0000 2019;0;4;English;"<a href=""http://twitter.com"" rel=""nofollow"">Twitter Web Client</a>";Retweet;;1;0;0
1135374217485135872;"LIVE NOW !!
@Anego_6 
[#rainbow6siege]
LINK : https://t.co/vJsLFuoqi9 https://t.co/fX4cxSSa0V";TUWAIQ eSports;TUWAIQEC;Mon Jun 03 02:34:42 +0000 2019;2;1;English;"<a href=""http://twitter.com"" rel=""nofollow"">Twitter Web Client</a>";Tweet;GIF;1;1;1
1135602436276707328;"‰«œÌ #ÿÊÌﬁ ÌÂ‰∆ﬂ„ »Õ·Ê· ⁄Ìœ «·›ÿ— «·„»«—ﬂ ..
ﬂ· ⁄«„ Ê√‰ „ »ŒÌ— ?? https://t.co/npsINRBKLQ";TUWAIQ eSports;TUWAIQEC;Mon Jun 03 17:41:33 +0000 2019;6;4;Arabic;"<a href=""http://twitter.com"" rel=""nofollow"">Twitter Web Client</a>";Tweet;Photo;0;1;0
1135680404122263552;"ÊÌ‰ ⁄ÌœÌ Ì ø

https://t.co/AHsBD29GTm";TUWAIQ eSports;TUWAIQEC;Mon Jun 03 22:51:22 +0000 2019;0;2;Arabic;"<a href=""http://twitter.com/download/android"" rel=""nofollow"">Twitter for Android</a>";Retweet;;1;0;0
1135697773716791297;"LIVE NOW !!
@MoathR6 
[#uno]
LINK : https://t.co/FS54kf45Yb https://t.co/q8Dx6oKn90";TUWAIQ eSports;TUWAIQEC;Tue Jun 04 00:00:24 +0000 2019;0;1;English;"<a href=""http://twitter.com"" rel=""nofollow"">Twitter Web Client</a>";Tweet;GIF;1;1;1
1135939059619127297;@Anego_6 Here you go ?????? https://t.co/L0fAwV7ypW;TUWAIQ eSports;TUWAIQEC;Tue Jun 04 15:59:11 +0000 2019;0;0;English;"<a href=""http://twitter.com/download/android"" rel=""nofollow"">Twitter for Android</a>";Reply;GIF;0;0;1
1135940337992720386;@Pistyization @Anego_6 ?????? https://t.co/NUiyP5RyXQ;TUWAIQ eSports;TUWAIQEC;Tue Jun 04 16:04:15 +0000 2019;1;0;Undetermined;"<a href=""http://twitter.com/download/android"" rel=""nofollow"">Twitter for Android</a>";Reply;GIF;0;0;2
1135941182075396101;"@mL777A @Anego_6 Cc:
@OshTekkWarriors give your boy a ⁄ÌœÌÂ ????";TUWAIQ eSports;TUWAIQEC;Tue Jun 04 16:07:37 +0000 2019;0;0;English;"<a href=""http://twitter.com/download/android"" rel=""nofollow"">Twitter for Android</a>";Reply;;0;0;3
1135988259731988483;"#⁄Ìœﬂ„_„⁄_ÿÊÌﬁ 

⁄ÌœÌ ‰« ·ﬂ„ ÂÌ »ÿ«ﬁ… „‰ «Œ Ì«—ﬂ »ﬁÌ„… ?? œÊ·«— √„—ÌﬂÌ ??

··œŒÊ· ›Ì «·”Õ»:

-  «»⁄ Õ”«»‰« @tuwaiqec

- —Ì ÊÌ  ·Â–Â «· €—Ìœ… ??

Êﬂ· ⁄«„ Ê√‰ „ »ŒÌ— ??

#‰„Ê—_ÿÊÌﬁ
#ÿÊÌﬁ https://t.co/ejFJD398V4";TUWAIQ eSports;TUWAIQEC;Tue Jun 04 19:14:41 +0000 2019;25;91;Arabic;"<a href=""http://twitter.com/download/iphone"" rel=""nofollow"">Twitter for iPhone</a>";Tweet;Photo;0;3;1
1135988604067549185;"#Eid_with_Tuwaiq

For Eid we are making a Giveaway for a card of your choice worth $20

To Entre:

- Follow @Tuwaiqec

- Retweet

May you have a blessed Eid ??

#TuwaiqLeopards 
#Tuwaiq https://t.co/ean5FmTI2V";TUWAIQ eSports;TUWAIQEC;Tue Jun 04 19:16:03 +0000 2019;14;46;English;"<a href=""http://twitter.com/download/iphone"" rel=""nofollow"">Twitter for iPhone</a>";Tweet;Photo;0;3;1
1136040367969775616;"LIVE NOW !!
@MoathR6 
[#rainbowsixsiege]
LINK : https://t.co/FS54kf45Yb https://t.co/dnadDIydAJ";TUWAIQ eSports;TUWAIQEC;Tue Jun 04 22:41:44 +0000 2019;0;2;English;"<a href=""http://twitter.com"" rel=""nofollow"">Twitter Web Client</a>";Tweet;GIF;1;1;1
1136281926657019905;@AboM6rCS We really liked how you play in this game and would like to make you an offer to join our squad, interested? ??;TUWAIQ eSports;TUWAIQEC;Wed Jun 05 14:41:37 +0000 2019;0;0;English;"<a href=""http://twitter.com/download/android"" rel=""nofollow"">Twitter for Android</a>";Reply;;0;0;1
1136283628386836480;"????????
·«  “«· «·›—’… „ÊÃÊœ… ··„‘«—ﬂ… ›Ì «·”Õ»° Ê«·›«∆“ —«Õ Ì⁄·‰ ⁄‰Â »ﬂ—Â «·”«⁄… ?? „‰ ’› «··Ì·

»«· Ê›Ìﬁ ··Ã„Ì⁄ ??????

#Â–«_«·⁄Ìœ https://t.co/ZsX2vGG7tl";TUWAIQ eSports;TUWAIQEC;Wed Jun 05 14:48:22 +0000 2019;1;2;Arabic;"<a href=""http://twitter.com/download/android"" rel=""nofollow"">Twitter for Android</a>";Tweet;;1;1;0
1136465571187503104;https://t.co/braYX0QVB8 ›Ê— ‰«Ì   »⁄œ €Ì»… ÿÊÌ·…;TUWAIQ eSports;TUWAIQEC;Thu Jun 06 02:51:21 +0000 2019;0;2;Arabic;"<a href=""http://twitter.com/download/android"" rel=""nofollow"">Twitter for Android</a>";Retweet;;1;0;0
1136761631478824960;"„” ⁄œÌ‰ø Are you readyø
 œﬁ«∆ﬁ ﬁ·Ì·… Ê‰⁄·‰ ⁄‰ «·›«∆“ ⁄·Ï »ÿ«ﬁ… ﬁÌ„ Â« $?? ?
In a few minutes we shall announce the winner of the $20 gift card

?? https://t.co/ZsX2vGG7tl";TUWAIQ eSports;TUWAIQEC;Thu Jun 06 22:27:47 +0000 2019;6;2;Undetermined;"<a href=""http://twitter.com"" rel=""nofollow"">Twitter Web Client</a>";Tweet;;1;0;0
1136764306991833088;"??????
«·›«∆“ »«·”Õ» ÂÊ ??

@IGngs1  

√·› „»—ÊÊÊﬂ ··›«∆“ ÊÕŸ √Ê›— ·Ã„Ì⁄ „‰ ‘«—ﬂ Ê‰‘ﬂ—ﬂ„ Ã„Ì⁄« ⁄·Ï «·„‘«—ﬂ… ›Ì «·”Õ» ??.. Ê«‰ Ÿ—Ê‰« ›ÌÂ ÂœÌ… √Œ—Ï ﬁ—Ì»« »≈–‰ «··Â ??

‰√„· „‰ «·›«∆“ «· Ê«’· „⁄‰« ⁄»— «·Œ«’ ·«” ·«„ Ã«∆“ Â ??

#⁄Ìœﬂ„_„⁄_ÿÊÌﬁ
#Â–«_«·⁄Ìœ 
#Eid_with_Tuwaiq https://t.co/ZsX2vGG7tl";TUWAIQ eSports;TUWAIQEC;Thu Jun 06 22:38:25 +0000 2019;3;4;Arabic;"<a href=""http://twitter.com"" rel=""nofollow"">Twitter Web Client</a>";Tweet;;1;3;1
1136773296836481030;@Pistyization @IGngs1 œ»· «·⁄ÌœÌ… Ê Ã·”øø ????;TUWAIQ eSports;TUWAIQEC;Thu Jun 06 23:14:08 +0000 2019;0;0;Arabic;"<a href=""http://twitter.com/download/android"" rel=""nofollow"">Twitter for Android</a>";Reply;;0;0;2
1137135353997987840;@sultansp0rt @TUWAIQEC  ﬁ”„ »«··Â ›—Ìﬁ «”ÿÊ—Ì »⁄œ „« ÿ·» Â„ „« —œÊ‰Ì Ê«ﬂ·„Â„ ﬂ«‰Ì «ŒÊÂ„ «·’€Ì— ÊŒ«’… «·«œ„‰ Õ«ÃÂ„ «‰”«‰ Ãœ« „Õ —„ Ê«··Â «‰Ì «Õ»Â„ „«›Ì ‘Ì ÌÊ’›Â„ Ì—œÊ‰ ⁄ ÿÊ·  Ê„ Ê«÷⁄Ì‰ »‘ﬂ· ﬂ»Ì— Ì«—» Ê›ﬁÂ„ Ì«—»;TUWAIQ eSports;TUWAIQEC;Fri Jun 07 23:12:50 +0000 2019;0;3;Arabic;"<a href=""http://twitter.com/download/android"" rel=""nofollow"">Twitter for Android</a>";Retweet;;0;0;2
1137135589801807874;@Moe_Elalfy @sultansp0rt √ﬁ· ‘Ì¡ ‰ﬁœ„Â ··‘€Ê›Ì‰ √„À«·ﬂ √ŒÊ‰« „Õ„œ° Ê«··Â ÌÊ›ﬁﬂ ??????;TUWAIQ eSports;TUWAIQEC;Fri Jun 07 23:13:46 +0000 2019;0;0;Arabic;"<a href=""http://twitter.com/download/android"" rel=""nofollow"">Twitter for Android</a>";Reply;;0;0;2
1137862602699268097;"LIVE NOW !!
@MoathR6 
[#rainbowsixsiege]
LINK : https://t.co/FS54kf45Yb https://t.co/csBghb2Lnt";TUWAIQ eSports;TUWAIQEC;Sun Jun 09 23:22:39 +0000 2019;1;2;English;"<a href=""http://twitter.com"" rel=""nofollow"">Twitter Web Client</a>";Tweet;GIF;1;1;1
1137919414991577088;https://t.co/IwBzdGuyKL ÕÌ«ﬂ„ «··Â ” —Ì„ »⁄œ «·—Ã⁄… „‰ «·”›— «·«Ì„ —«ÌÕ ??;TUWAIQ eSports;TUWAIQEC;Mon Jun 10 03:08:24 +0000 2019;0;1;Arabic;"<a href=""http://twitter.com/download/android"" rel=""nofollow"">Twitter for Android</a>";Retweet;;1;0;0
1138220129374887936;ace ?? https://t.co/h3PKsO4p4X;TUWAIQ eSports;TUWAIQEC;Mon Jun 10 23:03:20 +0000 2019;0;10;Undetermined;"<a href=""http://twitter.com/download/iphone"" rel=""nofollow"">Twitter for iPhone</a>";Retweet;Video;0;0;0
1138240143263969280;"LIVE NOW !!
@MoathR6 
[#rainbowsixsiege]
LINK : https://t.co/FS54kf45Yb https://t.co/aUJhwgC8qx";TUWAIQ eSports;TUWAIQEC;Tue Jun 11 00:22:52 +0000 2019;1;2;English;"<a href=""http://twitter.com"" rel=""nofollow"">Twitter Web Client</a>";Tweet;GIF;1;1;1
1138311515990319105;„ﬁÿ⁄ ›ÌÂ ﬂ·«  https://t.co/dctxoQOTSM;TUWAIQ eSports;TUWAIQEC;Tue Jun 11 05:06:28 +0000 2019;0;14;Arabic;"<a href=""http://twitter.com"" rel=""nofollow"">Twitter Web Client</a>";Retweet;Video;0;0;0
1138449516766609414;„œ—Ì Ê‘ «ﬂ »  ›—ÃÊ« .. Enjoy https://t.co/DTth5yrw4f;TUWAIQ eSports;TUWAIQEC;Tue Jun 11 14:14:50 +0000 2019;0;9;Arabic;"<a href=""http://twitter.com"" rel=""nofollow"">Twitter Web Client</a>";Retweet;Video;0;0;0
1138608486416310275;"LIVE NOW !!
@MoathR6 
[#rainbowsixsiege]
LINK : https://t.co/FS54kf45Yb https://t.co/WZ57zVql3m";TUWAIQ eSports;TUWAIQEC;Wed Jun 12 00:46:32 +0000 2019;1;1;English;"<a href=""http://twitter.com"" rel=""nofollow"">Twitter Web Client</a>";Tweet;GIF;1;1;1
1138923485265321985;"LIVE NOW !!
@MoathR6 
[#rainbowsixsiege]
LINK : https://t.co/FS54kf45Yb https://t.co/xz3hY1iEek";TUWAIQ eSports;TUWAIQEC;Wed Jun 12 21:38:13 +0000 2019;0;1;English;"<a href=""http://twitter.com"" rel=""nofollow"">Twitter Web Client</a>";Tweet;GIF;1;1;1
1139129915264180225;"√›÷· «· ’«„Ì„ · #‰„Ê—_ÿÊÌﬁ 

Only the best designs for our #TuwaiqLeopards ??????

#Tuwaiq
#Design

Designed by: @g4ulio https://t.co/NNBMq2xSOy";TUWAIQ eSports;TUWAIQEC;Thu Jun 13 11:18:30 +0000 2019;12;5;Catalan;"<a href=""http://twitter.com"" rel=""nofollow"">Twitter Web Client</a>";Tweet;Photo;0;4;1
1139397538908213249;"LIVE NOW !!
@MoathR6 
[#rainbowsixsiege]
LINK : https://t.co/FS54kflGPJ https://t.co/ETiS5sCUx2";TUWAIQ eSports;TUWAIQEC;Fri Jun 14 05:01:56 +0000 2019;0;2;English;"<a href=""http://twitter.com"" rel=""nofollow"">Twitter Web Client</a>";Tweet;GIF;1;1;1
1139786851764658176;"LIVE NOW !!
@MoathR6 
[#rainbowsixsiege]
LINK : https://t.co/FS54kf45Yb https://t.co/cc3mlQOvJm";TUWAIQ eSports;TUWAIQEC;Sat Jun 15 06:48:56 +0000 2019;2;1;English;"<a href=""http://twitter.com"" rel=""nofollow"">Twitter Web Client</a>";Tweet;GIF;1;1;1
1140759419287986177;"hey .there. 
https://t.co/AHsBD29GTm";TUWAIQ eSports;TUWAIQEC;Mon Jun 17 23:13:34 +0000 2019;0;1;English;"<a href=""http://twitter.com/download/iphone"" rel=""nofollow"">Twitter for iPhone</a>";Retweet;;1;0;0
1141669813389053953;"come here baby 
https://t.co/AHsBD29GTm";TUWAIQ eSports;TUWAIQEC;Thu Jun 20 11:31:09 +0000 2019;0;3;English;"<a href=""http://twitter.com"" rel=""nofollow"">Twitter Web Client</a>";Retweet;;1;0;0
1141669908595580928;"LIVE NOW !!
@Anego_6 
[#rainbow6siege]
LINK : https://t.co/vJsLFuoqi9 https://t.co/UXUoMAgUK4";TUWAIQ eSports;TUWAIQEC;Thu Jun 20 11:31:32 +0000 2019;0;3;English;"<a href=""http://twitter.com"" rel=""nofollow"">Twitter Web Client</a>";Tweet;GIF;1;1;1
1141938176790937600;"LIVE NOW !!
@MoathR6 
[#rainbowsixsiege]
LINK : https://t.co/FS54kflGPJ https://t.co/8DwO0n5EVE";TUWAIQ eSports;TUWAIQEC;Fri Jun 21 05:17:32 +0000 2019;0;1;English;"<a href=""http://twitter.com"" rel=""nofollow"">Twitter Web Client</a>";Tweet;GIF;1;1;1
1141940892196098048;"LIVE NOW !!
@Anego_6 
[#rainbow6siege]
LINK : https://t.co/vJsLFuoqi9 https://t.co/np9AIaa2Ac";TUWAIQ eSports;TUWAIQEC;Fri Jun 21 05:28:19 +0000 2019;0;1;English;"<a href=""http://twitter.com"" rel=""nofollow"">Twitter Web Client</a>";Tweet;GIF;1;1;1
1142345331805478917;"«·Õ„œ··Â Ê’·‰ «·«Ì„Ê «  
‘ﬂ—« ⁄·Ï «·ÂœÌÂ @TUWAIQEC 
Ê  ”·„ «Ìœﬂ Ì« @iYazanOW ⁄·Ï «·‘€· «·ÿÌ» https://t.co/2jdoAtHtW0";TUWAIQ eSports;TUWAIQEC;Sat Jun 22 08:15:25 +0000 2019;0;7;Arabic;"<a href=""http://twitter.com/download/iphone"" rel=""nofollow"">Twitter for iPhone</a>";Retweet;Photo;0;0;2
1142345831103782912;@MoathR6 @iYazanOW https://t.co/9gywglBhdR;TUWAIQ eSports;TUWAIQEC;Sat Jun 22 08:17:24 +0000 2019;0;0;Undetermined;"<a href=""http://twitter.com/download/iphone"" rel=""nofollow"">Twitter for iPhone</a>";Reply;GIF;0;0;2
1142532837364703233;"..... 
https://t.co/AHsBD29GTm";TUWAIQ eSports;TUWAIQEC;Sat Jun 22 20:40:30 +0000 2019;0;2;Undetermined;"<a href=""http://twitter.com/download/iphone"" rel=""nofollow"">Twitter for iPhone</a>";Retweet;;1;0;0
1142846063918886913;Go support our leopard on twitch and donít forget to drop a follow ???? https://t.co/GFs9nrcVQc;TUWAIQ eSports;TUWAIQEC;Sun Jun 23 17:25:09 +0000 2019;1;3;English;"<a href=""http://twitter.com/download/iphone"" rel=""nofollow"">Twitter for iPhone</a>";Tweet;;1;0;0
1142903354554834945;@JustRusher0 https://t.co/8pMouNg15K;TUWAIQ eSports;TUWAIQEC;Sun Jun 23 21:12:48 +0000 2019;1;0;Undetermined;"<a href=""http://twitter.com/download/android"" rel=""nofollow"">Twitter for Android</a>";Reply;GIF;0;0;1
1143123533696053250;Freaks ?? https://t.co/yBk5pWjLl8;TUWAIQ eSports;TUWAIQEC;Mon Jun 24 11:47:43 +0000 2019;0;11;English;"<a href=""http://twitter.com/download/iphone"" rel=""nofollow"">Twitter for iPhone</a>";Retweet;Video;0;0;0
1143436865254645760;"Hello 
https://t.co/AHsBD29GTm";TUWAIQ eSports;TUWAIQEC;Tue Jun 25 08:32:47 +0000 2019;0;4;English;"<a href=""http://twitter.com/download/iphone"" rel=""nofollow"">Twitter for iPhone</a>";Retweet;;1;0;0
1143572572707201025;"?????
https://t.co/7j7M0zYwIj";TUWAIQ eSports;TUWAIQEC;Tue Jun 25 17:32:02 +0000 2019;0;3;Undetermined;"<a href=""http://twitter.com/download/iphone"" rel=""nofollow"">Twitter for iPhone</a>";Retweet;;1;0;0
